fig,rep,tiempo,t,er_vor,er_conv,er_tot_nor
0,0,655,2000,0.00040828606735629383,0.0,4.468140702459304e-06
